Name,Decision,Score,Followers,Engagement,Reasons,Profile URL
EngX Space,passed,7.25,22600,0.334733,PASS platform: youtube | PASS followers: 22600 within 5000-100000 | PASS engagement: 0.3347 | PASS brand-fit/content relevance: tech,https://www.youtube.com/channel/UCbaLxxQDqvAB8GWiW9TaM4w
Zen van Riel,passed,7.5,49200,0.571606,"PASS platform: youtube | PASS followers: 49200 within 5000-100000 | PASS engagement: 0.5716 | PASS brand-fit/content relevance: ai, engineering",https://www.youtube.com/channel/UC7TUInmEJ4NmYb-krFz-SuA
Beyond Coding,passed,7.75,86500,0.025126,"PASS platform: youtube | PASS followers: 86500 within 5000-100000 | PASS engagement: 0.0251 | PASS brand-fit/content relevance: tech, software, coding, ai",https://www.youtube.com/channel/UCdMz6KKEDW_1Qqas-ya7S6w
joowee,passed,7.25,5580,0.500896,PASS platform: youtube | PASS followers: 5580 within 5000-100000 | PASS engagement: 0.5009 | PASS brand-fit/content relevance: software,https://www.youtube.com/channel/UC-9t8f2vF-Nve2FJUFM7xgQ
Anu Sharma,passed,7.75,65400,0.01141,"PASS platform: youtube | PASS followers: 65400 within 5000-100000 | PASS engagement: 0.0114 | PASS brand-fit/content relevance: software, ai, tutorial, engineering",https://www.youtube.com/channel/UC3nlFLIgjxdxntXCZstAEVA
Not Your College,passed,7.25,89700,0.304192,PASS platform: youtube | PASS followers: 89700 within 5000-100000 | PASS engagement: 0.3042 | PASS brand-fit/content relevance: ai,https://www.youtube.com/channel/UC1zw8VN2_vpZyxsLGsAaKSg
The Coding Koala,passed,7.75,16600,0.030939,"PASS platform: youtube | PASS followers: 16600 within 5000-100000 | PASS engagement: 0.0309 | PASS brand-fit/content relevance: tech, software, coding",https://www.youtube.com/channel/UCKj-Hy8AuOtKNWE5yQ67BVA
CareerOneStop,passed,7.25,43100,0.010334,PASS platform: youtube | PASS followers: 43100 within 5000-100000 | PASS engagement: 0.0103 | PASS brand-fit/content relevance: ai,https://www.youtube.com/channel/UC8opl10LrVIBL_JlcHFKWRg
Shiva Gautam,passed,7.75,38700,0.035711,"PASS platform: youtube | PASS followers: 38700 within 5000-100000 | PASS engagement: 0.0357 | PASS brand-fit/content relevance: programming, ai, python",https://www.youtube.com/channel/UCf1DIJD9jzFTHpn7uvZTn3A
Tobi Mey,passed,7.0,16700,0.037283,PASS platform: youtube | PASS followers: 16700 within 5000-100000 | PASS engagement: 0.0373 | PASS brand-fit/content relevance: niche=technology,https://www.youtube.com/channel/UCWSvMcehuyXy2sWFApXB4eA
Codemify,passed,7.75,44000,0.657,"PASS platform: youtube | PASS followers: 44000 within 5000-100000 | PASS engagement: 0.6570 | PASS brand-fit/content relevance: python, javascript, engineering",https://www.youtube.com/channel/UCT7YaGWYmKtcu53NkuB59PQ
The Gradient Descent,passed,7.75,9850,0.083886,"PASS platform: youtube | PASS followers: 9850 within 5000-100000 | PASS engagement: 0.0839 | PASS brand-fit/content relevance: ai, tutorial, machine learning",https://www.youtube.com/channel/UCI3SUEUrwh-B1fzHuibWrgA
Anubhav Sethi,passed,7.5,26500,0.129288,"PASS platform: youtube | PASS followers: 26500 within 5000-100000 | PASS engagement: 0.1293 | PASS brand-fit/content relevance: tech, ai",https://www.youtube.com/channel/UCEk7DMfYbJ8rK9G77oOw1tA
Afaque Ahmad,passed,7.5,36400,0.030186,"PASS platform: youtube | PASS followers: 36400 within 5000-100000 | PASS engagement: 0.0302 | PASS brand-fit/content relevance: python, data",https://www.youtube.com/channel/UCYFKQl9VMvtnUHxZ9uFx7qw
Deepak Jadiwal,passed,7.75,18200,0.242198,"PASS platform: youtube | PASS followers: 18200 within 5000-100000 | PASS engagement: 0.2422 | PASS brand-fit/content relevance: coding, ai, javascript",https://www.youtube.com/channel/UCgkMMcBQkFSEgYlgmaXRPng
Watch and Learn,passed,7.25,33200,0.278133,PASS platform: youtube | PASS followers: 33200 within 5000-100000 | PASS engagement: 0.2781 | PASS brand-fit/content relevance: tutorial,https://www.youtube.com/channel/UCXQC_GB5hG6PkzIhSMZ-hWA
theSeniorDev,passed,7.5,58200,0.026159,"PASS platform: youtube | PASS followers: 58200 within 5000-100000 | PASS engagement: 0.0262 | PASS brand-fit/content relevance: ai, javascript",https://www.youtube.com/channel/UC07G4rT6ZvDv0lokaVHKeQw
DesignWithRehana,passed,7.25,30400,0.425461,PASS platform: youtube | PASS followers: 30400 within 5000-100000 | PASS engagement: 0.4255 | PASS brand-fit/content relevance: ai,https://www.youtube.com/channel/UCfAuMUEixENfYlhUrAs-aKw
Level Up Frontend,passed,7.75,45000,0.032359,"PASS platform: youtube | PASS followers: 45000 within 5000-100000 | PASS engagement: 0.0324 | PASS brand-fit/content relevance: tech, software, developer, ai",https://www.youtube.com/channel/UCPzqyqw2SFjU24g0aN_5CzQ
Mohit Decodes,passed,7.75,26300,0.020972,"PASS platform: youtube | PASS followers: 26300 within 5000-100000 | PASS engagement: 0.0210 | PASS brand-fit/content relevance: coding, ai, tutorial",https://www.youtube.com/channel/UC00Ni0CJFFLpaPf3lyHx5NA
Learn Fast Make Things,passed,7.0,29000,0.52789,PASS platform: youtube | PASS followers: 29000 within 5000-100000 | PASS engagement: 0.5279 | PASS brand-fit/content relevance: niche=technology,https://www.youtube.com/channel/UClSv7tWDA4wkCTLhZl1YBlw
Deepanshu Udhwani,passed,7.25,8870,0.060884,PASS platform: youtube | PASS followers: 8870 within 5000-100000 | PASS engagement: 0.0609 | PASS brand-fit/content relevance: ai,https://www.youtube.com/channel/UCYitV_YkpsfRaSkDZpaVz_A
Code with Beto,passed,7.75,45800,0.030006,"PASS platform: youtube | PASS followers: 45800 within 5000-100000 | PASS engagement: 0.0300 | PASS brand-fit/content relevance: developer, ai, tutorial",https://www.youtube.com/channel/UCh247h68vszOMA_OWpGEa5g
DevOps Pro,passed,7.5,16100,0.326025,"PASS platform: youtube | PASS followers: 16100 within 5000-100000 | PASS engagement: 0.3260 | PASS brand-fit/content relevance: ai, devops",https://www.youtube.com/channel/UC8NDpwTbsFSeP7dkbl4hKeQ
Alta3 Research,passed,7.75,21600,0.165425,"PASS platform: youtube | PASS followers: 21600 within 5000-100000 | PASS engagement: 0.1654 | PASS brand-fit/content relevance: tech, ai, python, cloud, devops",https://www.youtube.com/channel/UCCQf3U-8ZudL86fetgxiepg
BekBrace,passed,7.25,45900,0.13785,PASS platform: youtube | PASS followers: 45900 within 5000-100000 | PASS engagement: 0.1379 | PASS brand-fit/content relevance: programming,https://www.youtube.com/channel/UC7EVSn5inapL20oPSwAwEUg
Dr Vipin Classes,passed,7.75,5980,0.125585,"PASS platform: youtube | PASS followers: 5980 within 5000-100000 | PASS engagement: 0.1256 | PASS brand-fit/content relevance: programming, coding, ai, python, tutorial",https://www.youtube.com/channel/UC-77P2ONqHrW7h5r6MAqgSQ
Kailash Joshi Tutorials,passed,7.0,13400,0.926754,PASS platform: youtube | PASS followers: 13400 within 5000-100000 | PASS engagement: 0.9268 | PASS brand-fit/content relevance: niche=technology,https://www.youtube.com/channel/UCEO7KQgRI6K6XsyTJlF79nw
HackersArsenal ,passed,7.25,68300,0.043799,PASS platform: youtube | PASS followers: 68300 within 5000-100000 | PASS engagement: 0.0438 | PASS brand-fit/content relevance: ai,https://www.youtube.com/channel/UChH3vLF7j8PlgSTtOB9adJA
Tech with Jono,passed,7.25,91200,0.037134,PASS platform: youtube | PASS followers: 91200 within 5000-100000 | PASS engagement: 0.0371 | PASS brand-fit/content relevance: tech,https://www.youtube.com/channel/UCciB0llbeGYFZTnP4N5whwA
Ismail,passed,7.0,19500,0.096017,PASS platform: youtube | PASS followers: 19500 within 5000-100000 | PASS engagement: 0.0960 | PASS brand-fit/content relevance: niche=technology,https://www.youtube.com/channel/UC1AQrBPOKXW5wBhVA5RwVPA
KnowledgeCatch,passed,7.0,79400,0.53301,PASS platform: youtube | PASS followers: 79400 within 5000-100000 | PASS engagement: 0.5330 | PASS brand-fit/content relevance: niche=technology,https://www.youtube.com/channel/UCsmxzYUpDZxpvwpO7L7YwcQ
SleepyCatHey,passed,7.75,53800,0.062424,"PASS platform: youtube | PASS followers: 53800 within 5000-100000 | PASS engagement: 0.0624 | PASS brand-fit/content relevance: tech, ai, tutorial",https://www.youtube.com/channel/UC6kV02-W8iXWgnCwkBAPk6Q
Scrimba,passed,7.5,63300,0.067883,"PASS platform: youtube | PASS followers: 63300 within 5000-100000 | PASS engagement: 0.0679 | PASS brand-fit/content relevance: tech, coding",https://www.youtube.com/channel/UCNW7HDseZb6N3nKUEP6uLag
Code with Ahsan,passed,7.75,38400,0.013672,"PASS platform: youtube | PASS followers: 38400 within 5000-100000 | PASS engagement: 0.0137 | PASS brand-fit/content relevance: tech, ai, javascript",https://www.youtube.com/channel/UCAys-Lg76QcRNGc0dOr_bXA
AmanBytes,failed,5.5,47500,0.008526,"PASS platform: youtube | PASS followers: 47500 within 5000-100000 | FAIL engagement: 0.0085 < min 0.01 | PASS brand-fit/content relevance: tech, coding",https://www.youtube.com/channel/UCv6eC6SWlm6p_fPbCwSYTjQ
Harshita Verma,passed,7.25,57100,0.043604,PASS platform: youtube | PASS followers: 57100 within 5000-100000 | PASS engagement: 0.0436 | PASS brand-fit/content relevance: ai,https://www.youtube.com/channel/UCh24AuWTKEYnerDW5dCN4PQ
Software Developer Diaries,passed,7.75,75000,0.018446,"PASS platform: youtube | PASS followers: 75000 within 5000-100000 | PASS engagement: 0.0184 | PASS brand-fit/content relevance: software, developer, ai, machine learning",https://www.youtube.com/channel/UCqAL_b-jUOTPjrTSNl2SNaQ
Scortier,passed,7.75,18300,0.146721,"PASS platform: youtube | PASS followers: 18300 within 5000-100000 | PASS engagement: 0.1467 | PASS brand-fit/content relevance: tech, software, ai, engineering",https://www.youtube.com/channel/UC-NectJyXinXyZtGmovWI3g
Codist ,passed,7.75,59600,0.182912,"PASS platform: youtube | PASS followers: 59600 within 5000-100000 | PASS engagement: 0.1829 | PASS brand-fit/content relevance: ai, devops, machine learning, data",https://www.youtube.com/channel/UCo-yQhAKie0WCV7-E-z9Mog
Anthony D. Mays,passed,7.25,24700,0.08167,PASS platform: youtube | PASS followers: 24700 within 5000-100000 | PASS engagement: 0.0817 | PASS brand-fit/content relevance: software,https://www.youtube.com/channel/UCLB8iajuHf8g_lipb5Wycow
pixegami,passed,7.5,85100,0.070423,"PASS platform: youtube | PASS followers: 85100 within 5000-100000 | PASS engagement: 0.0704 | PASS brand-fit/content relevance: tech, tutorial",https://www.youtube.com/channel/UCuxhTSKtnMJizinblLs9xOA
Code with Josh,passed,7.75,53700,0.534711,"PASS platform: youtube | PASS followers: 53700 within 5000-100000 | PASS engagement: 0.5347 | PASS brand-fit/content relevance: tech, programming, python",https://www.youtube.com/channel/UCwcXQMYphMbpuw8ok9HQguw
Hexagon Digital Services,passed,7.5,8430,0.012218,"PASS platform: youtube | PASS followers: 8430 within 5000-100000 | PASS engagement: 0.0122 | PASS brand-fit/content relevance: ai, tutorial",https://www.youtube.com/channel/UCzrW5QOZjdEMDUukZSeAPGQ
WebDev Warriors,passed,7.0,6960,0.038325,PASS platform: youtube | PASS followers: 6960 within 5000-100000 | PASS engagement: 0.0383 | PASS brand-fit/content relevance: niche=technology,https://www.youtube.com/channel/UCSZSC4ej44cf4bVeJt5Cumw
Cristian Mihai,passed,7.25,30800,0.214351,PASS platform: youtube | PASS followers: 30800 within 5000-100000 | PASS engagement: 0.2144 | PASS brand-fit/content relevance: javascript,https://www.youtube.com/channel/UC5dPmW7ZTsLyIqd-M4cs8EA
webdecoded,passed,7.25,45800,0.074426,PASS platform: youtube | PASS followers: 45800 within 5000-100000 | PASS engagement: 0.0744 | PASS brand-fit/content relevance: tutorial,https://www.youtube.com/channel/UCObrjoZZJSjznfCO5Vx9qUQ
Frontend Tribe,passed,7.0,23400,0.072141,PASS platform: youtube | PASS followers: 23400 within 5000-100000 | PASS engagement: 0.0721 | PASS brand-fit/content relevance: niche=technology,https://www.youtube.com/channel/UCKZZiXKJ8rU7LkRaTS2CDcA
stoney codes,passed,7.0,62000,0.29437,PASS platform: youtube | PASS followers: 62000 within 5000-100000 | PASS engagement: 0.2944 | PASS brand-fit/content relevance: niche=technology,https://www.youtube.com/channel/UCUTNzbcHrwLItUXBMCS7A8w
Bitflip,passed,7.0,7230,0.194898,PASS platform: youtube | PASS followers: 7230 within 5000-100000 | PASS engagement: 0.1949 | PASS brand-fit/content relevance: niche=technology,https://www.youtube.com/channel/UCRQXXUJQ2neA0CkbF_ZLhPA
Everyday Data Science,passed,7.75,29100,0.397973,"PASS platform: youtube | PASS followers: 29100 within 5000-100000 | PASS engagement: 0.3980 | PASS brand-fit/content relevance: python, machine learning, data",https://www.youtube.com/channel/UColtS35pWaswSV634-n-H3A
Codebagel,passed,7.25,83400,0.095296,PASS platform: youtube | PASS followers: 83400 within 5000-100000 | PASS engagement: 0.0953 | PASS brand-fit/content relevance: tech,https://www.youtube.com/channel/UChqNJc6T93_uRl2nvmoBm4Q
Code With Ease - By Varsha,passed,7.75,10700,0.095327,"PASS platform: youtube | PASS followers: 10700 within 5000-100000 | PASS engagement: 0.0953 | PASS brand-fit/content relevance: tech, developer, coding, data",https://www.youtube.com/channel/UCiWsQBA97JYGntWs99ZrQmw
AlgoMonster,passed,7.0,46900,0.184758,PASS platform: youtube | PASS followers: 46900 within 5000-100000 | PASS engagement: 0.1848 | PASS brand-fit/content relevance: niche=technology,https://www.youtube.com/channel/UCCKAEO4_rqh1GTMxg9H6_sQ
Cloud Tech Burner,passed,7.75,22100,0.131946,"PASS platform: youtube | PASS followers: 22100 within 5000-100000 | PASS engagement: 0.1319 | PASS brand-fit/content relevance: tech, ai, cloud",https://www.youtube.com/channel/UCCuavXcwK5psq89d0wlDM_w
