Name,Platform,Followers,Engagement,Niche,Email,Profile URL,Content Theme,Website,Status
EngX Space,youtube,22600,0.334733,technology,Not Found,https://www.youtube.com/channel/UCbaLxxQDqvAB8GWiW9TaM4w,technology; educational content,,enriched
Zen van Riel,youtube,49200,0.571606,technology,Not Found,https://www.youtube.com/channel/UC7TUInmEJ4NmYb-krFz-SuA,technology; ai,,enriched
Beyond Coding,youtube,86500,0.025126,technology,Not Found,https://www.youtube.com/channel/UCdMz6KKEDW_1Qqas-ya7S6w,technology; ai; career; product,,enriched
joowee,youtube,5580,0.500896,technology,Not Found,https://www.youtube.com/channel/UC-9t8f2vF-Nve2FJUFM7xgQ,technology; educational content,,enriched
Anu Sharma,youtube,65400,0.01141,technology,anusharma@kernelmanagement.com,https://www.youtube.com/channel/UC3nlFLIgjxdxntXCZstAEVA,technology; ai; tutorial,,enriched
Not Your College,youtube,89700,0.304192,technology,Not Found,https://www.youtube.com/channel/UC1zw8VN2_vpZyxsLGsAaKSg,technology; ai; career,,enriched
The Coding Koala,youtube,16600,0.030939,technology,Not Found,https://www.youtube.com/channel/UCKj-Hy8AuOtKNWE5yQ67BVA,technology; educational content,,enriched
CareerOneStop,youtube,43100,0.010334,technology,Not Found,https://www.youtube.com/channel/UC8opl10LrVIBL_JlcHFKWRg,technology; ai; career,,enriched
Shiva Gautam,youtube,38700,0.035711,technology,shiva.gtm@gmail.com,https://www.youtube.com/channel/UCf1DIJD9jzFTHpn7uvZTn3A,technology; python; ai,,enriched
Tobi Mey,youtube,16700,0.037283,technology,Not Found,https://www.youtube.com/channel/UCWSvMcehuyXy2sWFApXB4eA,technology; educational content,,enriched
Codemify,youtube,44000,0.657,technology,support@codemify.com,https://www.youtube.com/channel/UCT7YaGWYmKtcu53NkuB59PQ,technology; python; javascript; career,,enriched
The Gradient Descent,youtube,9850,0.083886,technology,Not Found,https://www.youtube.com/channel/UCI3SUEUrwh-B1fzHuibWrgA,technology; ai; machine learning; tutorial,,enriched
Anubhav Sethi,youtube,26500,0.129288,technology,anubhavintech@gmail.com,https://www.youtube.com/channel/UCEk7DMfYbJ8rK9G77oOw1tA,technology; ai; career; design,,enriched
Afaque Ahmad,youtube,36400,0.030186,technology,afaque.ahmad@theseniordev.io,https://www.youtube.com/channel/UCYFKQl9VMvtnUHxZ9uFx7qw,technology; python,,enriched
Deepak Jadiwal,youtube,18200,0.242198,technology,deepakjadiwal.official@gmail.com,https://www.youtube.com/channel/UCgkMMcBQkFSEgYlgmaXRPng,technology; javascript; ai; career,,enriched
Watch and Learn,youtube,33200,0.278133,technology,Not Found,https://www.youtube.com/channel/UCXQC_GB5hG6PkzIhSMZ-hWA,technology; tutorial; design,,enriched
theSeniorDev,youtube,58200,0.026159,technology,Not Found,https://www.youtube.com/channel/UC07G4rT6ZvDv0lokaVHKeQw,technology; javascript; ai,,enriched
DesignWithRehana,youtube,30400,0.425461,technology,promo@designwithrehana.com,https://www.youtube.com/channel/UCfAuMUEixENfYlhUrAs-aKw,technology; ai; design,,enriched
Level Up Frontend,youtube,45000,0.032359,technology,Not Found,https://www.youtube.com/channel/UCPzqyqw2SFjU24g0aN_5CzQ,technology; ai; career; product,,enriched
Mohit Decodes,youtube,26300,0.020972,technology,mohitdecodes@gmail.com,https://www.youtube.com/channel/UC00Ni0CJFFLpaPf3lyHx5NA,technology; ai; tutorial,,enriched
Learn Fast Make Things,youtube,29000,0.52789,technology,Not Found,https://www.youtube.com/channel/UClSv7tWDA4wkCTLhZl1YBlw,technology; educational content,,enriched
Deepanshu Udhwani,youtube,8870,0.060884,technology,Not Found,https://www.youtube.com/channel/UCYitV_YkpsfRaSkDZpaVz_A,technology; ai,,enriched
Code with Beto,youtube,45800,0.030006,technology,beto@codewithbeto.dev,https://www.youtube.com/channel/UCh247h68vszOMA_OWpGEa5g,technology; ai; tutorial,,enriched
DevOps Pro,youtube,16100,0.326025,technology,Not Found,https://www.youtube.com/channel/UC8NDpwTbsFSeP7dkbl4hKeQ,technology; ai; devops,,enriched
Alta3 Research,youtube,21600,0.165425,technology,Not Found,https://www.youtube.com/channel/UCCQf3U-8ZudL86fetgxiepg,technology; python; ai; devops; cloud,,enriched
BekBrace,youtube,45900,0.13785,technology,Not Found,https://www.youtube.com/channel/UC7EVSn5inapL20oPSwAwEUg,technology; educational content,,enriched
Dr Vipin Classes,youtube,5980,0.125585,technology,dr.vipinclasses@gmail.com,https://www.youtube.com/channel/UC-77P2ONqHrW7h5r6MAqgSQ,technology; python; ai; tutorial; design,,enriched
Kailash Joshi Tutorials,youtube,13400,0.926754,technology,Not Found,https://www.youtube.com/channel/UCEO7KQgRI6K6XsyTJlF79nw,technology; educational content,,enriched
HackersArsenal ,youtube,68300,0.043799,technology,Hackersarsenal@proton.me,https://www.youtube.com/channel/UChH3vLF7j8PlgSTtOB9adJA,technology; ai,,enriched
Tech with Jono,youtube,91200,0.037134,technology,Not Found,https://www.youtube.com/channel/UCciB0llbeGYFZTnP4N5whwA,technology; security,,enriched
Ismail,youtube,19500,0.096017,technology,Not Found,https://www.youtube.com/channel/UC1AQrBPOKXW5wBhVA5RwVPA,technology; security,,enriched
KnowledgeCatch,youtube,79400,0.53301,technology,Not Found,https://www.youtube.com/channel/UCsmxzYUpDZxpvwpO7L7YwcQ,technology; security,,enriched
SleepyCatHey,youtube,53800,0.062424,technology,sleepycathey@gmail.com,https://www.youtube.com/channel/UC6kV02-W8iXWgnCwkBAPk6Q,technology; ai; tutorial,,enriched
Scrimba,youtube,63300,0.067883,technology,Not Found,https://www.youtube.com/channel/UCNW7HDseZb6N3nKUEP6uLag,technology; educational content,,enriched
Code with Ahsan,youtube,38400,0.013672,technology,Not Found,https://www.youtube.com/channel/UCAys-Lg76QcRNGc0dOr_bXA,technology; javascript; ai,,enriched
Harshita Verma,youtube,57100,0.043604,technology,harshitavermaworkyt@gmail.com,https://www.youtube.com/channel/UCh24AuWTKEYnerDW5dCN4PQ,technology; ai; career; startup,,enriched
Software Developer Diaries,youtube,75000,0.018446,technology,Not Found,https://www.youtube.com/channel/UCqAL_b-jUOTPjrTSNl2SNaQ,technology; ai; machine learning; career; product,,enriched
Scortier,youtube,18300,0.146721,technology,Not Found,https://www.youtube.com/channel/UC-NectJyXinXyZtGmovWI3g,technology; ai; career; design,,enriched
Codist ,youtube,59600,0.182912,technology,codiversitydev@gmail.com,https://www.youtube.com/channel/UCo-yQhAKie0WCV7-E-z9Mog,technology; ai; machine learning; devops; design,,enriched
Anthony D. Mays,youtube,24700,0.08167,technology,Not Found,https://www.youtube.com/channel/UCLB8iajuHf8g_lipb5Wycow,technology; career,,enriched
pixegami,youtube,85100,0.070423,technology,Not Found,https://www.youtube.com/channel/UCuxhTSKtnMJizinblLs9xOA,technology; tutorial,,enriched
Code with Josh,youtube,53700,0.534711,technology,Not Found,https://www.youtube.com/channel/UCwcXQMYphMbpuw8ok9HQguw,technology; python,,enriched
Hexagon Digital Services,youtube,8430,0.012218,technology,Not Found,https://www.youtube.com/channel/UCzrW5QOZjdEMDUukZSeAPGQ,technology; ai; tutorial; design,,enriched
WebDev Warriors,youtube,6960,0.038325,technology,Not Found,https://www.youtube.com/channel/UCSZSC4ej44cf4bVeJt5Cumw,technology; educational content,,enriched
Cristian Mihai,youtube,30800,0.214351,technology,Not Found,https://www.youtube.com/channel/UC5dPmW7ZTsLyIqd-M4cs8EA,technology; javascript,,enriched
webdecoded,youtube,45800,0.074426,technology,Not Found,https://www.youtube.com/channel/UCObrjoZZJSjznfCO5Vx9qUQ,technology; tutorial,,enriched
Frontend Tribe,youtube,23400,0.072141,technology,Not Found,https://www.youtube.com/channel/UCKZZiXKJ8rU7LkRaTS2CDcA,technology; educational content,,enriched
stoney codes,youtube,62000,0.29437,technology,Not Found,https://www.youtube.com/channel/UCUTNzbcHrwLItUXBMCS7A8w,technology; educational content,,enriched
Bitflip,youtube,7230,0.194898,technology,Not Found,https://www.youtube.com/channel/UCRQXXUJQ2neA0CkbF_ZLhPA,technology; educational content,,enriched
Everyday Data Science,youtube,29100,0.397973,technology,Not Found,https://www.youtube.com/channel/UColtS35pWaswSV634-n-H3A,technology; python; machine learning; career,,enriched
Codebagel,youtube,83400,0.095296,technology,Not Found,https://www.youtube.com/channel/UChqNJc6T93_uRl2nvmoBm4Q,technology; career; product,,enriched
Code With Ease - By Varsha,youtube,10700,0.095327,technology,Not Found,https://www.youtube.com/channel/UCiWsQBA97JYGntWs99ZrQmw,technology; career,,enriched
AlgoMonster,youtube,46900,0.184758,technology,Not Found,https://www.youtube.com/channel/UCCKAEO4_rqh1GTMxg9H6_sQ,technology; educational content,,enriched
Cloud Tech Burner,youtube,22100,0.131946,technology,contact@cloudtechburner.com,https://www.youtube.com/channel/UCCuavXcwK5psq89d0wlDM_w,technology; ai; cloud,,enriched
