Influencer,Email,Message Generated,Sent,Date,Status,Detail
EngX Space,Not Found,True,False,2026-10-01T16:34:44.399917+00:00,skipped,No valid contact email
Zen van Riel,Not Found,True,False,2026-10-01T16:34:44.403422+00:00,skipped,No valid contact email
Beyond Coding,Not Found,True,False,2026-10-01T16:34:44.406664+00:00,skipped,No valid contact email
joowee,Not Found,True,False,2026-10-01T16:34:44.408665+00:00,skipped,No valid contact email
Anu Sharma,anusharma@kernelmanagement.com,True,True,2026-10-01T16:34:44.413202+00:00,simulated,Simulated send (SMTP not configured or --simulate)
Not Your College,Not Found,True,False,2026-10-01T16:34:44.415224+00:00,skipped,No valid contact email
The Coding Koala,Not Found,True,False,2026-10-01T16:34:44.419484+00:00,skipped,No valid contact email
CareerOneStop,Not Found,True,False,2026-10-01T16:34:44.421608+00:00,skipped,No valid contact email
Shiva Gautam,shiva.gtm@gmail.com,True,True,2026-10-01T16:34:44.426140+00:00,simulated,Simulated send (SMTP not configured or --simulate)
Tobi Mey,Not Found,True,False,2026-10-01T16:34:44.428136+00:00,skipped,No valid contact email
Codemify,support@codemify.com,True,True,2026-10-01T16:34:44.431647+00:00,simulated,Simulated send (SMTP not configured or --simulate)
The Gradient Descent,Not Found,True,False,2026-10-01T16:34:44.433653+00:00,skipped,No valid contact email
Anubhav Sethi,anubhavintech@gmail.com,True,True,2026-10-01T16:34:44.437203+00:00,simulated,Simulated send (SMTP not configured or --simulate)
Afaque Ahmad,afaque.ahmad@theseniordev.io,True,True,2026-10-01T16:34:44.440750+00:00,simulated,Simulated send (SMTP not configured or --simulate)
Deepak Jadiwal,deepakjadiwal.official@gmail.com,True,True,2026-10-01T16:34:44.443334+00:00,simulated,Simulated send (SMTP not configured or --simulate)
Watch and Learn,Not Found,True,False,2026-10-01T16:34:44.445335+00:00,skipped,No valid contact email
theSeniorDev,Not Found,True,False,2026-10-01T16:34:44.447334+00:00,skipped,No valid contact email
DesignWithRehana,promo@designwithrehana.com,True,True,2026-10-01T16:34:44.451941+00:00,simulated,Simulated send (SMTP not configured or --simulate)
Level Up Frontend,Not Found,True,False,2026-10-01T16:34:44.453462+00:00,skipped,No valid contact email
Mohit Decodes,mohitdecodes@gmail.com,True,True,2026-10-01T16:34:44.456473+00:00,simulated,Simulated send (SMTP not configured or --simulate)
Learn Fast Make Things,Not Found,True,False,2026-10-01T16:34:44.459469+00:00,skipped,No valid contact email
Deepanshu Udhwani,Not Found,True,False,2026-10-01T16:34:44.461470+00:00,skipped,No valid contact email
Code with Beto,beto@codewithbeto.dev,True,True,2026-10-01T16:34:44.464990+00:00,simulated,Simulated send (SMTP not configured or --simulate)
DevOps Pro,Not Found,True,False,2026-10-01T16:34:44.467442+00:00,skipped,No valid contact email
Alta3 Research,Not Found,True,False,2026-10-01T16:34:44.469442+00:00,skipped,No valid contact email
BekBrace,Not Found,True,False,2026-10-01T16:34:44.471954+00:00,skipped,No valid contact email
Dr Vipin Classes,dr.vipinclasses@gmail.com,True,True,2026-10-01T16:34:44.474974+00:00,simulated,Simulated send (SMTP not configured or --simulate)
Kailash Joshi Tutorials,Not Found,True,False,2026-10-01T16:34:44.478729+00:00,skipped,No valid contact email
HackersArsenal ,Hackersarsenal@proton.me,True,True,2026-10-01T16:34:44.483245+00:00,simulated,Simulated send (SMTP not configured or --simulate)
Tech with Jono,Not Found,True,False,2026-10-01T16:34:44.485241+00:00,skipped,No valid contact email
Ismail,Not Found,True,False,2026-10-01T16:34:44.488241+00:00,skipped,No valid contact email
KnowledgeCatch,Not Found,True,False,2026-10-01T16:34:44.490241+00:00,skipped,No valid contact email
SleepyCatHey,sleepycathey@gmail.com,True,True,2026-10-01T16:34:44.494757+00:00,simulated,Simulated send (SMTP not configured or --simulate)
Scrimba,Not Found,True,False,2026-10-01T16:34:44.495759+00:00,skipped,No valid contact email
Code with Ahsan,Not Found,True,False,2026-10-01T16:34:44.498405+00:00,skipped,No valid contact email
Harshita Verma,harshitavermaworkyt@gmail.com,True,True,2026-10-01T16:34:44.502943+00:00,simulated,Simulated send (SMTP not configured or --simulate)
Software Developer Diaries,Not Found,True,False,2026-10-01T16:34:44.503960+00:00,skipped,No valid contact email
Scortier,Not Found,True,False,2026-10-01T16:34:44.506957+00:00,skipped,No valid contact email
Codist ,codiversitydev@gmail.com,True,True,2026-10-01T16:34:44.514501+00:00,simulated,Simulated send (SMTP not configured or --simulate)
Anthony D. Mays,Not Found,True,False,2026-10-01T16:34:44.516497+00:00,skipped,No valid contact email
pixegami,Not Found,True,False,2026-10-01T16:34:44.518500+00:00,skipped,No valid contact email
Code with Josh,Not Found,True,False,2026-10-01T16:34:44.522577+00:00,skipped,No valid contact email
Hexagon Digital Services,Not Found,True,False,2026-10-01T16:34:44.525206+00:00,skipped,No valid contact email
WebDev Warriors,Not Found,True,False,2026-10-01T16:34:44.529482+00:00,skipped,No valid contact email
Cristian Mihai,Not Found,True,False,2026-10-01T16:34:44.531472+00:00,skipped,No valid contact email
webdecoded,Not Found,True,False,2026-10-01T16:34:44.536293+00:00,skipped,No valid contact email
Frontend Tribe,Not Found,True,False,2026-10-01T16:34:44.537293+00:00,skipped,No valid contact email
stoney codes,Not Found,True,False,2026-10-01T16:34:44.541904+00:00,skipped,No valid contact email
Bitflip,Not Found,True,False,2026-10-01T16:34:44.545180+00:00,skipped,No valid contact email
Everyday Data Science,Not Found,True,False,2026-10-01T16:34:44.548174+00:00,skipped,No valid contact email
Codebagel,Not Found,True,False,2026-10-01T16:34:44.550179+00:00,skipped,No valid contact email
Code With Ease - By Varsha,Not Found,True,False,2026-10-01T16:34:44.552708+00:00,skipped,No valid contact email
AlgoMonster,Not Found,True,False,2026-10-01T16:34:44.555705+00:00,skipped,No valid contact email
Cloud Tech Burner,contact@cloudtechburner.com,True,True,2026-10-01T16:34:44.559699+00:00,simulated,Simulated send (SMTP not configured or --simulate)
